-5,-4,-3,-2,-1,0,1,2,3,4
S,V,E,R,A,H,I,F,N,S
S,R,E,G,V,M,Q,D,T,T
P,E,L,V,S,Q,V,P,H,Y
R,P,T,F,V,M,I,R,C,N
A,E,S,M,V,N,V,M,N,I
R,S,R,W,H,N,A,S,T,F
L,W,M,K,K,P,N,Y,L,D
T,M,R,R,I,I,L,G,I,S
S,F,D,V,M,F,I,A,H,P
A,K,F,K,I,P,T,E,C,V
H,I,D,C,P,T,M,I,I,G
N,W,K,R,P,T,S,M,M,N
P,G,W,V,F,S,W,T,N,S
R,T,I,W,A,Q,W,M,L,D
H,R,E,M,T,D,I,G,M,S
S,M,W,R,T,F,A,Q,Y,L
H,A,W,V,C,S,A,T,I,V
I,K,T,K,Y,K,A,S,W,D
R,D,R,F,T,A,R,N,V,A
P,T,R,G,C,S,M,Y,H,L
Q,N,R,D,P,Q,A,C,Y,Q
V,T,M,M,G,Q,L,K,L,I
Q,P,W,R,H,T,C,G,G,E
Y,R,V,E,Y,M,W,G,E,M
R,V,W,W,N,P,R,G,H,I
A,P,R,R,H,L,H,M,E,H
S,N,E,F,Q,E,G,E,C,M
P,V,W,P,S,M,A,F,M,F
M,S,M,T,I,P,G,R,N,V
R,P,Q,S,L,F,W,A,N,H
T,C,W,R,T,S,V,P,E,I
R,E,W,S,T,S,A,P,T,A
T,W,V,D,S,S,F,D,Q,I
L,E,T,M,S,P,Q,D,I,G
A,F,V,R,C,G,M,C,L,G
L,A,P,R,Y,Y,I,P,D,Q
P,T,M,T,M,S,L,M,L,D
N,E,S,D,I,P,K,M,M,L
R,F,V,R,V,N,A,K,C,D
H,W,N,V,S,N,W,Q,V,W
S,G,M,F,C,N,I,Y,P,L
G,M,D,W,H,L,Y,Y,N,D
A,C,Q,R,S,M,W,D,G,V
V,H,E,T,C,G,I,F,P,D
G,Q,K,G,T,Y,A,W,W,G
W,G,M,R,C,N,L,G,N,C
Q,M,E,V,T,F,V,W,Q,C
Q,D,I,P,R,I,V,H,K,L
I,S,H,T,L,F,H,P,G,T
A,R,E,S,H,Q,P,P,H,L
V,T,D,Q,Q,W,T,M,D,H
A,T,Y,C,E,A,G,W,L,T
I,V,I,S,A,Q,L,Y,M,V
N,R,W,S,T,K,R,R,R,A
A,E,R,S,V,M,W,D,M,C
H,R,W,T,A,E,I,T,V,I
P,V,A,G,P,G,A,Y,N,M
A,G,D,P,Y,G,F,D,Q,A
H,A,T,H,H,S,C,Y,A,D
A,F,H,W,Y,S,I,M,T,N
H,F,F,M,H,K,I,D,G,P
F,Y,V,L,Y,S,Y,K,K,Y
Q,E,E,T,S,E,H,G,V,T
R,E,Y,K,S,S,W,M,C,P
A,M,N,W,K,W,R,F,P,H
S,E,M,S,V,Q,L,V,E,D
K,A,W,W,E,P,G,P,C,S
Q,A,E,T,T,P,Q,S,P,E
S,F,C,F,K,G,W,V,K,I
C,G,T,M,Q,G,H,C,C,E
S,M,F,Q,Y,G,P,L,E,W
Q,R,R,F,M,E,W,W,K,W
N,S,I,S,K,P,W,M,P,N
G,C,K,F,C,P,I,L,E,H
P,E,K,G,R,P,V,M,N,N
R,F,H,E,M,M,V,E,P,H
Q,W,H,V,V,S,C,Q,H,A
V,M,V,W,M,M,N,W,H,V
R,V,N,F,G,H,W,F,E,Q
R,D,W,D,C,V,W,P,D,D
P,F,H,Q,Q,M,I,Q,H,C
S,M,E,P,T,W,F,P,T,C
T,F,W,W,Y,N,H,E,K,V
T,C,V,F,K,D,G,Q,W,I
R,R,H,D,S,A,A,V,H,A
I,M,N,S,M,N,G,I,Y,C
S,I,H,R,E,W,Q,I,R,M
T,A,F,D,S,Q,C,V,P,Q
R,W,V,P,Q,K,D,M,T,E
A,I,E,V,S,P,G,P,N,S
R,F,K,V,P,N,V,E,N,C
T,E,D,P,L,W,L,W,D,E
R,W,M,P,H,E,V,L,A,N
S,G,D,T,C,N,G,C,K,P
A,N,H,M,Q,S,I,E,D,N
H,V,N,G,S,W,R,K,K,V
S,G,M,R,I,F,R,V,V,M
R,C,R,R,L,M,H,D,K,H
L,T,K,M,A,R,W,V,R,T
V,R,E,E,T,D,V,N,N,N
Q,C,I,R,L,E,I,Q,Y,V
M,Q,W,M,W,Q,E,T,Q,P
F,V,R,G,T,F,G,V,T,D
S,R,M,L,Q,Q,K,D,E,N
R,L,N,V,T,P,T,E,C,K
S,I,R,D,T,N,T,M,S,I
A,G,R,N,S,I,I,M,C,C
R,G,R,G,D,N,V,G,H,L
A,R,T,P,H,Y,V,P,A,V
S,T,P,M,Q,G,I,L,T,D
R,T,T,A,G,P,T,T,H,E
H,M,S,S,K,W,I,I,D,Q
R,G,S,M,H,H,V,T,D,I
A,G,W,A,H,L,T,R,R,T
R,V,T,T,Q,Y,K,V,Y,C
I,E,V,Q,Y,E,A,T,I,T
Y,N,R,G,R,W,G,D,N,V
R,F,M,D,H,S,V,E,W,E
S,A,H,E,K,W,T,W,G,P
H,T,W,M,M,G,N,C,Q,I
R,F,P,G,H,G,G,P,M,I
I,N,F,S,P,E,Q,F,H,P
R,N,D,G,W,S,N,P,D,G
L,M,P,S,Q,F,L,Q,K,E
G,E,I,H,I,Q,L,P,T,F
E,P,V,Q,C,P,D,Q,Y,K
V,V,W,K,T,P,L,G,F,N
S,E,D,W,Q,T,V,D,A,T
M,W,R,W,A,N,Q,F,Q,S
L,W,K,S,E,D,A,S,C,G
Q,V,V,E,Q,W,W,D,T,K
Y,P,H,R,T,M,R,A,C,E
S,R,I,W,Y,G,W,E,A,P
K,G,H,W,E,L,F,R,E,A
S,D,D,Q,V,G,C,L,A,H
P,G,W,R,S,Q,S,T,Y,I
R,W,N,S,D,N,Y,G,H,N
Q,Y,W,D,P,N,H,Q,K,S
R,H,H,P,S,E,Q,V,C,D
S,M,V,H,S,N,H,M,P,P
A,N,T,T,A,D,W,Q,T,Q
G,P,S,F,C,M,Q,D,L,Q
Y,S,E,R,V,S,M,I,C,H
Y,T,K,W,Y,S,I,Q,A,D
R,T,P,M,P,E,Q,D,G,H
P,S,Q,H,S,I,G,Q,Y,V
G,R,E,V,C,T,L,D,D,Q
H,W,D,C,Y,M,L,E,R,L
R,P,N,S,M,G,V,T,C,S
S,W,W,M,C,V,A,Y,E,S
N,Y,K,D,T,S,W,A,G,N
A,E,W,G,Y,I,H,C,D,E
P,P,P,D,M,P,G,G,K,V
A,M,H,F,Y,W,L,Q,C,Q
S,F,L,L,S,T,G,P,N,G
S,D,N,G,T,V,H,Y,E,M
N,I,H,E,A,D,I,P,N,T
A,D,F,A,C,S,W,P,L,S
G,E,H,D,T,W,I,G,F,G
A,D,T,M,M,E,I,P,R,P
T,E,W,R,S,M,R,L,P,Q
H,F,T,G,C,P,W,Q,E,C
A,S,E,R,V,G,G,G,H,E
S,E,M,R,T,Q,C,Y,S,I
G,P,V,R,Y,W,I,D,H,I
L,G,T,N,W,P,M,Y,C,I
R,T,E,M,S,W,G,W,L,Q
A,V,K,S,V,K,D,K,C,E
L,C,P,C,Q,G,I,E,C,N
N,M,D,I,A,M,R,T,G,K
N,P,D,F,Y,N,R,E,I,A
L,G,Q,M,M,P,M,Q,W,D
L,Q,M,C,Q,W,C,A,Y,N
G,M,T,P,F,H,F,M,T,V
V,Q,D,Q,K,Y,F,K,H,L
Q,Y,E,E,T,M,V,Y,P,L
T,R,W,P,P,S,H,I,M,N
A,V,M,A,Y,P,G,E,K,Q
R,W,D,W,D,F,I,P,Q,L
R,E,D,W,T,K,R,R,Y,D
R,S,E,T,A,E,L,F,H,K
A,T,R,S,S,M,G,C,L,Q
A,M,V,V,D,I,G,F,C,H
G,V,T,M,S,P,T,I,F,A
H,D,D,S,Y,H,W,K,K,E
I,F,T,V,C,M,A,R,T,P
G,T,T,L,K,I,R,G,A,P
Q,I,V,M,H,Y,S,G,Q,G
A,V,W,N,Q,W,Q,Q,F,G
S,M,M,S,S,H,W,M,G,H
A,Y,D,P,Q,P,G,Q,R,M
R,P,D,M,S,S,V,I,W,H
T,G,I,T,Q,S,R,N,H,A
L,V,E,Q,E,E,I,P,W,Q
P,P,M,V,L,W,W,M,T,Q
L,V,W,C,Y,Y,G,R,E,N
P,M,T,Q,T,F,A,Y,Q,E
P,N,E,E,L,I,V,F,H,G
S,R,M,E,A,F,R,D,N,D
C,F,W,F,P,W,R,Y,K,D
H,N,S,F,V,N,S,Q,T,H
M,P,W,T,Y,Q,G,Q,T,V
S,W,V,R,Q,A,W,V,K,D
A,W,K,I,S,M,A,D,V,S
R,I,V,D,Y,M,A,G,C,M
P,N,H,P,E,E,L,D,Q,C
A,D,T,V,Q,Q,W,G,G,S
A,P,K,D,H,W,W,V,H,R
P,M,T,G,V,Q,W,W,R,N
M,Q,H,F,C,F,V,R,M,S
Y,W,M,G,C,S,L,Y,N,S
E,M,D,T,Q,W,L,M,E,L
A,R,F,E,H,N,W,V,V,H
A,M,K,F,E,W,I,G,E,T
I,M,H,S,V,G,R,P,S,A
H,E,Q,V,T,W,V,P,R,G
H,R,H,T,T,P,W,M,T,I
T,M,K,D,S,W,W,Y,C,L
V,W,Q,M,Y,V,W,M,F,S
A,G,W,N,Y,P,F,Y,H,S
T,I,W,Q,M,F,A,E,Y,V
A,M,M,G,S,Q,Q,L,C,Q
C,R,S,W,P,L,C,P,E,H
L,G,D,V,K,H,I,K,Y,L
T,N,P,R,F,F,D,Y,G,E
N,I,H,M,P,P,I,Y,D,V
S,Q,E,K,H,P,I,M,P,L
Q,N,H,T,V,W,W,Y,T,D
V,S,W,K,P,F,R,M,W,D
L,S,M,M,H,W,P,K,H,S
G,G,Y,K,Y,Q,C,G,M,N
Y,G,E,S,S,P,V,Y,D,C
H,T,E,R,H,G,G,P,E,P
A,V,M,G,W,N,P,T,Q,L
Y,P,F,R,S,H,G,D,F,S
P,E,W,V,S,P,Q,G,G,D
F,T,V,D,R,W,G,Y,N,S
E,H,N,L,E,F,G,V,C,E
P,W,M,W,T,Q,R,N,A,W
T,T,T,D,K,N,V,Q,H,H
A,T,D,Q,C,E,L,P,M,N
Q,P,Y,R,M,E,Q,L,T,G
Q,D,V,N,T,W,H,I,R,V
T,T,M,Y,C,N,R,V,L,E
R,V,K,V,Q,M,M,V,R,L
C,Y,D,K,Y,I,R,V,Q,G
T,G,H,F,V,G,P,A,K,H
G,M,L,K,A,Y,N,T,H,L
T,T,T,V,F,Y,L,Q,S,T
V,M,T,V,T,V,L,D,E,K
T,R,V,D,F,Q,A,E,R,K
E,E,K,S,C,W,I,D,K,A
R,T,D,P,Y,W,L,M,W,G
P,A,T,L,T,Y,A,I,A,C
A,D,T,D,G,E,Q,D,M,H
A,H,I,C,Y,Y,I,G,L,T
H,W,M,F,D,P,C,A,M,Y
H,A,P,W,H,S,I,I,D,D
G,G,R,H,M,S,W,Q,F,T
H,F,W,D,L,S,W,C,I,E
N,T,W,S,W,F,L,Y,D,D
A,N,I,L,V,N,L,Q,H,V
S,G,K,G,A,P,V,K,H,C
P,G,N,M,Q,H,H,Q,R,E
A,T,D,R,G,L,A,T,R,Y
I,W,N,D,A,P,F,V,W,K
P,R,V,P,Y,M,A,N,H,E
S,F,S,N,I,P,P,D,N,M
R,D,N,P,D,I,T,Y,N,S
T,V,D,H,L,W,H,G,F,P
N,R,V,W,P,I,L,M,H,K
N,R,H,M,P,H,C,K,N,C
H,I,M,T,Q,N,S,F,H,L
H,C,V,W,M,M,A,P,I,N
R,P,N,M,A,W,W,Q,G,T
P,F,R,K,M,E,V,I,T,C
A,T,W,V,A,M,L,I,H,D
K,V,C,C,M,S,M,R,A,H
Q,G,M,T,G,K,V,I,C,G
A,N,E,C,T,E,G,V,Q,Q
R,T,D,G,T,S,S,D,N,G
H,R,P,V,M,P,H,P,L,H
S,M,H,F,M,Q,Q,P,I,A
S,F,S,E,M,F,A,D,C,L
A,C,R,H,K,I,R,M,K,E
R,R,V,T,S,N,H,G,H,W
H,N,V,Q,Y,W,H,V,E,L
Q,S,I,M,Q,F,L,V,C,S
R,M,S,Q,M,N,S,E,Q,E
I,S,D,P,T,W,V,L,Q,Y
N,T,K,W,T,S,V,Q,Q,A
H,L,E,M,S,E,C,Y,A,G
R,R,D,G,Y,W,L,A,E,G
Q,V,V,D,Q,S,G,G,T,A
V,C,V,T,C,A,P,Y,N,V
H,W,V,T,Q,Y,Q,L,G,N
W,S,S,T,H,W,D,E,E,Y
C,A,C,D,S,K,R,D,G,N
Q,R,P,A,V,T,I,D,N,N
K,W,Q,R,L,P,W,E,L,H
L,M,N,K,N,F,A,I,T,D
P,R,E,G,H,M,I,C,Y,C
A,T,H,W,Q,E,I,R,Q,T
L,A,E,V,M,Q,I,V,Q,G
V,A,S,G,C,M,W,D,L,T
A,R,E,R,P,P,A,I,I,D
R,V,S,S,G,W,I,W,L,H
G,T,H,N,M,Q,V,V,N,Q
H,E,T,M,M,K,V,V,A,D
Q,F,T,D,S,F,H,G,H,I
H,D,H,C,Q,Q,L,Q,C,A
G,I,E,A,M,G,R,D,L,N
Q,V,E,G,M,P,I,Q,T,L
L,I,D,G,Q,P,G,Y,A,N
S,M,D,W,I,K,V,P,G,V
A,W,R,W,I,Q,V,L,T,G
C,G,W,S,V,P,V,E,T,N
Y,G,Q,W,Q,N,F,E,N,A
S,T,S,P,S,Q,Y,C,A,M
R,E,P,W,Q,E,M,Q,E,S
H,H,M,W,H,N,Q,F,K,H
H,G,D,N,Q,E,V,Q,C,E
C,F,S,G,Y,Q,M,Y,N,I
C,V,S,V,G,K,I,D,A,L
S,W,D,G,T,L,V,G,G,E
G,T,E,M,T,P,G,C,N,A
C,Q,R,M,M,L,V,T,S,S
G,M,F,F,Y,Y,S,W,H,S
T,T,D,W,A,N,P,S,A,N
S,M,V,D,A,P,V,P,Q,H
S,Q,M,E,Y,I,M,D,T,T
A,R,W,E,V,P,H,G,D,C
H,N,K,N,V,Q,I,P,I,G
P,N,H,V,Y,F,V,N,Y,E
S,K,P,V,Q,W,L,M,P,L
P,W,M,M,E,K,D,Q,K,G
W,T,S,F,V,W,R,P,E,S
H,M,I,F,Y,G,R,V,C,N
G,D,W,M,C,Q,A,K,P,F
R,F,I,M,Y,Q,I,P,F,S
Q,A,E,I,H,S,A,G,Q,A
Y,K,M,E,W,S,L,Q,I,S
G,F,H,F,K,G,K,T,I,D
S,P,H,M,Q,G,Y,I,Q,H
Q,F,H,Q,A,G,C,Y,H,L
P,P,D,A,I,F,C,I,E,K
H,A,P,V,T,D,G,R,D,I
I,C,M,L,V,Q,S,V,E,H
A,Q,M,W,K,S,F,C,V,H
L,E,F,F,Y,D,C,P,V,H
P,E,R,M,C,P,G,D,P,W
S,T,S,K,N,N,H,T,T,P
W,T,M,G,I,W,G,A,E,S
R,R,Y,M,V,G,S,N,I,M
S,E,S,A,C,M,V,T,F,C
P,R,H,V,C,Q,R,E,S,Q
K,F,N,R,M,G,V,Q,Q,I
G,I,Q,S,E,W,S,R,N,V
P,T,D,F,Y,M,M,P,A,E
A,W,D,D,Q,C,S,Q,C,V
S,T,W,P,S,G,W,L,N,S
Q,M,V,I,Q,M,L,W,T,S
T,A,V,K,P,F,W,G,R,K
Y,P,P,V,Y,W,S,N,N,I
A,F,D,R,K,M,I,F,G,M
P,T,T,S,V,Q,T,C,L,H
Q,G,E,D,M,F,A,G,H,D
A,W,W,G,Q,S,K,M,D,K
A,S,V,W,T,Q,Q,P,L,S
H,R,P,M,P,G,A,D,T,T
L,N,S,S,Y,D,F,P,A,P
Q,C,V,D,Y,M,W,L,V,H
A,T,E,D,C,Y,I,R,M,C
C,P,S,V,T,E,A,R,M,M
S,G,H,D,H,E,C,V,Y,I
T,G,E,S,S,D,R,Q,C,P
H,M,M,C,C,N,F,C,A,T
Y,C,Q,N,T,E,K,Q,D,D
T,D,R,V,H,Q,L,D,A,N
G,W,N,W,F,G,T,C,T,Q
H,M,D,D,V,V,Q,M,V,V
P,S,K,D,Q,G,L,P,T,V
Q,T,R,W,Q,S,D,R,V,L
I,P,V,N,M,E,F,V,N,I
H,G,P,W,T,F,F,W,Q,H
R,V,M,R,T,Q,F,Y,Q,D
I,T,T,G,A,N,G,G,T,V
R,G,N,M,G,A,L,P,N,C
R,N,D,H,H,E,I,G,P,E
H,C,V,F,K,K,A,V,V,K
T,R,W,Q,C,N,W,Q,Q,E
E,V,P,M,A,W,I,P,G,H
E,W,E,W,V,K,H,M,Q,D
R,V,N,C,L,S,C,P,W,D
I,V,V,T,K,P,H,P,Q,A
T,G,M,W,Q,Y,I,P,T,T
A,F,H,K,Y,T,N,M,L,C
Q,T,P,S,S,I,R,P,L,G
A,G,E,S,Q,I,A,L,T,V
R,N,V,F,R,W,V,T,K,M
P,Q,M,V,Y,F,R,C,M,M
Y,R,V,D,K,W,W,H,T,D
H,W,E,D,Y,V,T,G,G,R
H,V,K,G,W,G,F,M,E,H
H,G,N,K,S,I,I,E,H,D
S,G,R,W,M,L,L,D,G,H
R,I,R,R,Q,F,I,V,N,Q
L,F,V,V,T,E,D,Q,Q,C
Q,E,W,G,R,S,V,I,T,I
V,L,M,G,V,P,C,Q,T,S
H,P,D,D,Q,S,Q,D,P,M
S,L,E,C,V,F,L,P,M,P
T,P,D,W,Q,Q,P,R,Q,T
S,F,W,R,P,P,R,Y,P,D
M,P,S,Q,A,S,I,P,F,M
S,F,T,P,C,V,L,S,E,S
R,R,R,C,R,S,Q,V,K,G
P,E,N,F,C,V,W,M,A,D
H,E,H,F,S,M,M,R,P,H
H,N,W,G,M,A,C,M,N,S
L,R,E,L,G,Q,I,Y,K,I
Y,M,D,P,S,S,L,Q,C,I
I,I,H,L,C,Q,V,E,P,S
S,W,R,Q,G,M,I,A,E,H
I,F,G,R,D,G,I,Y,I,Y
N,S,D,R,I,A,I,I,E,H
H,M,M,E,G,N,G,V,N,N
S,E,E,E,P,S,A,P,T,P
D,K,D,M,T,V,I,P,T,Q
P,C,P,T,G,W,M,T,F,E
Q,I,W,E,Y,I,A,K,G,V
R,T,H,M,Q,G,I,Y,Q,K
V,G,K,W,Y,M,C,E,N,Q
R,P,H,V,M,W,W,Q,M,I
H,K,T,N,V,M,Q,V,W,M
R,D,E,W,V,E,S,K,Q,M
E,T,F,C,H,I,R,F,E,D
R,G,R,S,Y,D,S,R,Q,S
H,T,W,R,F,P,C,G,M,I
H,D,V,V,M,K,W,V,S,G
G,I,R,V,R,M,F,E,N,N
R,T,W,C,R,T,G,K,C,L
S,D,D,E,H,F,W,M,N,S
H,Y,D,S,A,E,L,C,K,G
P,L,M,W,M,C,W,D,L,G
P,N,V,G,Y,F,H,P,A,S
C,I,R,R,K,N,W,P,Q,S
T,E,H,M,M,G,E,P,Q,Q
G,W,M,M,T,S,Q,Q,A,L
P,W,D,V,N,P,I,Q,Q,M
H,T,G,W,M,C,I,Q,P,I
P,N,M,W,M,P,M,V,C,V
S,M,D,C,Q,Q,W,F,E,N
H,W,P,W,C,N,G,K,E,C
D,S,P,Q,A,P,R,W,T,K
P,L,K,D,Q,Y,W,Y,Y,Q
P,W,V,T,A,V,V,C,Y,A
R,W,M,G,C,I,Q,Q,R,D
R,C,F,W,T,N,I,Y,C,K
R,F,S,V,Q,K,P,V,C,D
T,E,N,C,M,M,W,R,Q,M
E,T,E,D,K,L,S,D,S,S
R,Y,M,C,Q,W,C,V,I,S
R,N,S,D,G,E,M,I,A,A
S,M,M,K,C,H,H,P,H,H
H,T,K,T,C,F,C,P,Y,M
E,W,D,M,T,W,V,G,A,Y
V,D,D,V,T,L,H,D,G,H
T,T,M,W,Q,S,V,H,H,N
A,M,W,G,S,E,L,E,C,L
I,M,W,V,Y,K,I,F,P,H
E,D,F,V,W,W,I,M,N,Q
R,A,T,S,T,Q,T,V,I,L
Y,A,I,M,Y,G,V,A,E,L
T,W,K,G,C,Y,M,Y,Q,M
T,N,C,S,Y,D,F,D,S,D
Y,E,T,Q,V,S,V,A,Q,S
Y,C,D,L,Q,H,F,T,G,V
A,K,E,D,C,M,P,G,H,M
G,F,Q,L,H,P,H,C,K,W
I,A,I,F,R,S,V,E,I,N
E,D,P,D,V,G,W,I,S,M
P,R,D,W,S,Y,M,Y,H,M
N,D,M,G,C,P,K,P,Y,Q
I,F,M,F,E,T,L,V,K,M
G,F,N,D,C,F,G,I,Q,I
A,T,R,K,H,I,I,Q,E,T
V,G,H,Q,C,A,H,L,I,Y
N,F,T,P,F,F,W,I,A,N
H,T,R,R,Y,G,A,H,K,V
R,M,D,W,H,M,W,G,A,C
H,R,M,F,Y,T,W,L,Q,Q
I,M,D,G,V,F,A,Q,E,V
S,W,P,Q,S,P,L,A,L,V
H,T,R,C,A,A,T,M,K,D
I,F,V,C,S,G,Q,K,H,Y
P,P,F,C,L,K,G,Q,T,I
T,P,F,G,Q,W,C,E,E,S
S,M,T,M,M,Q,T,Q,I,D
R,C,C,S,V,Q,P,P,K,C
W,S,H,K,I,M,V,E,G,L
H,V,R,D,M,T,L,V,N,Q
G,W,V,T,R,F,L,D,L,L
R,G,D,W,T,E,S,E,C,N
A,V,S,E,Y,W,D,E,H,P
P,R,R,E,I,S,G,Y,Q,K
R,W,M,E,T,I,H,D,N,G
Q,Q,S,K,M,R,L,G,M,S
A,F,Q,T,H,F,I,G,Q,N
A,R,D,C,K,Q,L,V,E,G
R,P,I,G,A,W,C,M,H,E
Y,E,H,R,V,G,W,Y,Y,H
I,D,V,S,S,E,S,E,H,Q
Y,R,E,D,N,F,V,E,D,I
V,P,E,P,Y,E,C,Q,M,I
Q,T,H,N,P,N,Q,G,M,A
I,P,E,W,T,W,C,G,N,Q
R,E,I,G,V,F,M,V,T,D
C,E,E,D,Q,C,H,H,W,G
V,P,H,R,Q,I,V,P,A,S
S,M,T,S,Q,I,A,G,A,Q
L,V,H,S,S,P,L,M,H,H
E,T,F,M,H,W,T,M,Y,I
S,F,R,W,K,Y,I,Y,T,N
S,P,V,D,C,G,G,A,N,H
T,P,D,G,S,W,T,G,F,I
Q,M,E,A,S,S,C,E,N,N
A,D,A,S,M,L,G,D,Q,C
P,F,S,Q,Y,T,V,Y,K,N
R,G,Q,R,K,H,V,C,L,K
P,M,T,V,Y,M,A,A,F,P
A,I,T,Q,Y,M,R,T,T,C
A,N,D,S,C,H,C,W,L,K
R,K,K,P,R,M,V,V,C,V
S,G,H,H,P,T,P,G,W,T
S,V,P,F,M,K,L,Y,D,I
Y,M,E,W,F,D,I,Q,T,G
M,G,I,W,A,S,G,M,T,Q
R,S,N,R,H,N,L,Q,R,A
H,R,W,V,M,G,C,D,C,L
N,M,H,E,G,H,C,Q,H,K
P,V,V,C,C,M,W,Q,Q,D
Q,G,D,R,K,P,F,Y,T,W
T,W,H,E,C,N,C,V,A,Q
I,R,E,F,Q,T,N,D,G,I
H,R,P,S,Q,M,V,C,Q,D
S,P,V,S,V,F,M,T,G,C
T,V,D,K,Y,H,S,V,D,S
P,T,M,C,V,M,D,E,F,H
S,M,V,D,C,Q,R,C,T,A
R,M,E,G,T,I,T,Q,Q,E
W,L,T,Q,S,G,D,G,C,I
A,T,D,S,L,W,W,Q,Q,S
S,C,I,D,Y,D,L,C,D,L
Y,G,D,W,V,S,G,P,I,K
A,F,H,Q,M,P,G,C,Q,Q
P,F,W,D,S,Q,G,G,C,S
L,G,R,W,H,P,H,P,M,L
N,T,W,W,Q,I,V,Y,S,H
A,D,P,K,C,W,V,D,E,H
N,Q,F,G,Q,G,S,Y,M,C
R,A,V,N,E,W,W,K,D,K
M,P,W,T,I,W,A,W,T,A
S,E,P,M,I,L,F,V,L,N
S,F,D,N,Y,Y,I,K,H,P
R,T,V,G,M,N,T,E,F,D
C,N,R,G,Q,M,Q,N,L,M
S,F,K,C,V,D,R,D,W,S
S,S,M,W,H,Q,Q,G,Q,K
L,E,V,M,V,S,C,F,Q,Q
T,S,W,H,Y,M,F,N,R,H
R,S,H,W,A,M,G,P,P,C
I,P,T,W,M,M,A,P,C,H
L,N,P,K,S,M,A,T,W,V
G,P,P,D,M,Y,M,M,W,H
Y,A,D,V,T,Q,L,E,H,L
A,F,V,R,Y,M,M,E,Y,A
Q,E,D,D,C,N,F,D,Q,T
R,M,V,W,Q,T,L,A,E,E
E,W,E,C,Q,H,G,Y,T,L
G,T,S,E,F,P,I,K,T,T
A,S,E,G,H,F,L,K,Q,E
C,R,R,F,V,E,P,F,E,I
A,N,R,G,Q,F,N,V,I,C
W,M,R,R,H,P,L,M,I,D
L,S,V,C,L,M,V,V,T,S
I,D,Y,M,V,W,D,W,Q,M
A,D,D,Q,F,P,I,M,C,N
R,T,D,P,V,P,M,G,K,I
A,T,C,S,T,A,V,F,H,E
S,M,I,G,V,W,H,D,H,V
A,T,S,E,S,S,A,Q,G,N
V,W,N,W,E,F,V,D,S,L
H,M,P,L,C,E,V,T,Y,N
I,V,W,W,K,Q,W,G,E,D
V,F,V,F,T,Q,V,V,R,N
W,G,E,V,A,E,V,I,H,Y
S,I,S,G,H,W,T,D,S,E
H,Q,W,Q,H,H,W,D,C,M
A,T,D,Q,D,V,W,Y,R,D
H,E,Q,C,V,N,C,Y,Y,D
C,R,N,W,C,S,L,D,P,L
Q,G,Q,K,H,E,R,I,H,Q
T,E,H,M,H,G,A,C,D,N
H,A,W,C,T,W,A,R,T,Q
Q,T,E,T,Y,E,L,I,L,K
S,G,V,M,V,G,R,V,G,C
R,E,E,G,H,Q,P,R,E,E
H,Q,P,S,S,E,W,V,Q,E
G,A,H,M,A,K,S,V,Y,G
V,R,Q,W,E,Q,L,V,E,G
S,Q,R,W,T,F,W,G,Q,P
S,G,I,P,E,N,G,R,E,A
L,H,M,T,T,T,T,C,Q,D
S,A,D,Q,Y,E,W,Y,N,G
S,R,V,M,R,M,Q,C,F,S
I,N,V,P,G,T,L,Q,T,I
T,S,W,S,Q,P,Q,E,P,G
I,N,Q,D,L,S,V,C,G,H
C,P,V,V,E,C,Q,V,H,V
A,N,D,W,L,E,R,Q,L,Q
A,D,W,G,T,W,K,G,I,Y
S,N,W,C,W,E,W,Q,G,C
A,P,W,S,E,Q,F,S,T,D
P,N,H,C,C,E,R,V,R,L
A,P,T,R,P,A,I,E,G,L
W,F,G,N,T,W,C,D,V,V
L,I,V,T,T,W,C,D,G,M
C,P,D,D,L,P,V,D,P,N
A,T,N,F,T,V,W,Y,I,N
A,T,M,S,V,M,W,K,K,T
R,K,V,F,A,P,H,Q,C,I
R,V,K,N,Q,Q,R,I,L,H
Q,C,E,F,C,P,F,Y,A,E
Q,M,H,K,A,E,M,Q,Q,D
A,T,H,V,Y,F,L,K,E,A
S,E,D,D,M,P,Q,Q,T,C
M,S,D,K,L,G,V,V,C,L
H,M,V,D,V,Y,P,E,W,T
D,M,M,D,Y,P,L,Q,Q,E
T,M,M,M,D,L,L,E,P,I
S,V,V,G,A,T,L,G,P,K
H,F,H,G,G,Y,A,E,A,G
D,R,W,S,F,W,V,C,G,G
P,G,K,Q,P,N,I,L,S,P
Q,V,E,D,S,F,G,E,I,I
R,M,P,D,D,G,H,Q,H,H
A,E,R,C,Q,M,L,E,S,H
A,V,M,D,S,F,W,V,W,C
P,Y,I,D,G,S,H,D,D,L
I,G,V,L,R,N,L,P,Y,K
L,M,R,R,C,M,H,K,T,N
P,E,M,V,Q,H,F,K,C,T
S,A,K,V,N,V,P,G,A,E
R,P,T,G,S,P,W,C,R,N
S,P,H,M,M,F,A,V,T,H
A,C,I,L,S,F,D,V,L,G
T,I,G,R,Y,H,H,M,I,V
S,P,T,V,V,F,R,R,I,Q
T,E,S,F,C,S,L,I,K,Y
S,M,D,K,E,N,L,E,Q,C
S,S,W,R,T,W,N,C,K,T
G,G,H,W,Y,F,F,M,V,H
V,V,T,K,Y,P,R,C,C,S
P,W,V,R,V,G,V,I,H,E
S,S,W,V,P,T,I,R,D,Q
G,R,H,G,V,W,I,H,V,L
R,W,N,D,T,Y,I,W,M,I
R,G,W,K,C,A,K,Y,M,T
S,T,V,G,E,G,T,I,C,T
H,E,D,S,S,Y,T,T,C,C
G,T,W,M,L,N,G,D,D,M
S,P,K,E,R,W,I,C,M,M
Q,S,W,Q,I,W,C,V,C,K
G,P,N,V,A,I,A,G,A,D
H,P,M,V,V,I,G,P,N,Q
Q,W,N,M,M,I,N,Q,C,Y
C,V,T,M,E,P,Q,C,F,H
I,S,I,V,V,S,W,H,Y,S
R,A,R,D,K,N,I,Q,P,S
V,F,V,A,K,F,C,V,S,Y
I,W,T,D,Y,Q,P,Y,N,G
S,Q,D,M,L,W,Q,V,C,N
C,F,E,E,C,F,I,Q,Q,W
Q,E,H,F,S,F,W,E,F,L
A,S,W,D,S,W,R,D,I,S
C,S,T,W,T,Y,I,G,R,E
T,E,S,G,H,E,E,G,H,E
P,C,M,G,T,M,R,P,G,L
T,N,H,R,T,D,L,C,C,N
Q,N,R,L,C,E,P,E,Y,A
R,F,M,T,I,N,V,P,P,M
A,M,D,T,T,S,P,Q,A,S
L,D,W,S,S,D,L,Y,R,D
R,F,T,D,T,E,G,I,V,I
K,M,H,V,V,F,Q,E,E,C
G,R,V,F,K,M,T,V,W,Q
S,P,S,R,Y,Q,A,C,H,H
T,D,M,Q,Q,N,F,Y,T,G
V,D,K,D,G,P,V,I,K,D
R,N,M,W,S,S,C,A,R,K
T,M,V,W,L,P,F,A,N,G
Q,A,M,T,H,Y,P,G,V,L
T,S,W,V,T,P,I,G,I,A
Q,G,Y,D,A,P,L,C,F,A
R,E,E,R,V,E,A,V,E,Q
R,Q,S,S,P,S,T,K,K,G
A,F,M,C,H,M,M,Y,N,L
R,M,T,W,M,M,C,V,D,G
G,S,H,N,P,Q,W,I,W,D
T,S,W,F,G,G,R,V,E,C
H,G,E,P,M,Y,T,L,L,C
T,H,P,N,T,N,R,M,T,Q
A,R,V,M,Y,P,Q,E,A,D
A,T,V,M,H,E,W,I,I,H
Y,G,K,D,V,W,L,G,N,H
R,A,H,K,P,P,I,M,N,N
L,T,W,D,T,N,N,R,F,V
H,C,I,F,Y,F,I,A,Y,I
C,M,S,K,T,Q,F,Y,H,H
Q,G,H,N,M,M,R,M,R,E
M,F,N,H,C,W,V,M,M,Q
H,Q,S,H,Q,N,H,I,Q,I
S,G,W,Q,V,K,F,Y,V,V
G,R,T,G,S,F,I,A,H,I
G,T,G,M,Q,Q,W,G,C,E
R,W,T,R,Y,M,V,G,Y,V
W,C,T,S,S,Y,T,P,T,W
T,W,S,M,Q,N,I,T,C,Q
A,E,E,V,H,P,D,V,Q,I
A,H,S,V,S,P,A,E,C,A
Q,E,H,V,A,F,R,P,L,Q
R,G,T,D,E,V,S,P,T,E
I,M,N,K,T,C,G,P,C,T
A,Q,R,W,S,H,R,R,Q,D
P,E,T,R,S,I,V,Y,C,T
H,G,D,T,C,F,M,P,L,E
H,E,C,D,H,L,W,I,I,Q
T,N,V,M,Q,V,M,H,H,E
A,I,W,W,P,H,Q,Y,I,N
G,M,T,P,H,I,P,F,E,L
G,Q,L,M,S,G,L,G,C,E
S,F,M,F,C,E,L,I,W,D
Y,E,R,K,N,I,A,R,A,H
T,T,H,C,K,N,I,E,Q,T
S,A,E,M,K,H,G,G,Q,L
R,P,H,G,M,G,G,C,D,G
H,E,T,M,G,Y,T,A,T,F
P,R,W,F,M,Y,R,G,H,I
M,P,V,S,E,W,G,M,P,E
A,S,R,W,M,P,L,G,N,N
L,M,E,V,L,P,L,P,S,Q
R,V,I,M,I,K,I,M,H,I
N,W,A,R,S,M,I,N,Q,P
A,M,E,G,G,M,I,Q,R,D
S,V,W,C,V,N,F,Q,G,S
C,W,S,W,H,M,V,Q,Q,D
S,T,W,R,P,Q,G,V,C,L
S,E,E,G,T,Q,I,C,C,T
R,R,D,K,R,W,K,G,G,E
S,T,W,L,C,P,V,E,G,G
A,R,E,R,I,W,L,P,P,P
I,G,Q,V,T,I,M,D,Q,A
A,R,V,M,K,S,I,I,P,G
P,T,S,R,Q,E,C,I,L,T
L,I,W,V,C,Y,M,I,W,D
S,W,T,P,C,G,K,Y,R,L
A,R,I,V,S,Q,F,L,M,D
A,W,V,R,T,P,D,V,E,I
R,S,T,K,G,L,V,M,T,H
Q,V,H,C,T,G,R,V,P,L
R,C,R,M,S,F,Q,C,A,L
G,D,W,H,M,N,W,D,T,G
D,A,R,L,V,W,L,C,H,M
V,E,V,R,Q,D,V,D,M,M
R,W,V,G,S,W,W,V,V,G
Q,A,W,D,R,E,T,P,N,D
H,Y,M,G,Y,P,A,Q,E,I
V,T,H,T,C,A,I,R,G,S
P,E,F,L,Q,E,Q,M,H,Y
S,E,V,M,G,E,V,V,T,S
T,T,T,P,M,E,K,H,F,L
H,S,M,L,Q,F,D,Q,N,H
R,D,K,F,Q,P,P,V,K,Y
R,A,E,C,M,S,T,G,K,H
R,D,R,R,Q,W,W,G,E,D
T,S,K,Q,R,N,C,D,E,N
R,R,M,S,L,M,R,Q,A,E
Y,F,R,T,P,Q,G,V,K,C
T,D,A,V,H,F,P,Y,Y,S
A,R,H,R,A,N,T,F,H,A
R,T,V,F,M,F,C,W,A,G
H,G,H,K,L,G,S,N,T,K
Y,T,W,E,F,A,A,Q,Q,H
G,F,E,R,V,N,I,C,C,F
S,T,T,G,F,F,W,W,H,L
I,P,H,G,Y,N,S,P,M,Q
Y,S,D,L,K,Q,V,Y,I,N
N,M,M,W,Q,G,K,Y,N,V
L,F,V,L,K,M,C,D,M,H
Q,N,I,F,V,M,A,C,L,T
G,G,S,E,Q,N,F,D,T,N
P,S,E,Q,Y,F,T,Q,C,E
I,I,I,T,D,H,G,F,G,I
R,T,W,R,H,S,A,Y,H,A
H,F,D,K,M,F,W,Y,H,C
R,N,T,T,L,M,T,G,E,Q
G,R,H,K,M,P,G,G,G,E
Y,P,S,F,E,Q,W,Y,P,T
G,E,R,F,Y,F,M,A,F,N
L,T,W,G,M,P,M,S,F,G
S,C,D,G,Q,Y,L,D,K,T
P,V,S,A,I,V,S,E,V,Q
H,P,T,Q,T,I,F,Q,F,C
A,R,M,K,W,I,V,M,S,D
V,T,V,W,Q,V,G,K,S,N
G,N,Q,G,S,P,L,L,T,P
I,E,M,T,H,G,K,R,R,S
C,M,P,C,C,A,L,V,L,E
C,D,E,V,A,E,S,D,N,D
I,P,C,G,L,E,F,Y,S,N
D,E,R,V,L,N,A,V,L,D
P,D,T,D,S,F,L,G,P,A
A,M,K,M,T,E,N,C,T,H
R,L,V,S,L,N,D,G,T,K
G,Q,N,C,C,S,V,Y,H,A
S,G,Q,V,W,N,P,W,A,E
A,F,M,D,R,G,T,E,Q,D
Q,P,R,F,P,Y,R,V,T,N
P,P,M,C,Q,P,L,F,A,H
A,M,C,R,T,F,D,H,N,D
A,H,T,M,Y,D,L,C,L,T
G,A,T,F,R,P,T,V,H,D
A,T,V,R,T,G,I,F,Q,I
R,W,T,F,Q,W,C,P,G,D
P,E,Q,R,Q,D,A,S,N,E
C,A,W,G,L,W,V,C,E,P
R,V,I,M,E,F,L,M,G,N
F,W,D,C,V,G,C,H,Q,G
A,E,E,W,Q,M,Q,C,L,T
R,A,M,M,M,M,T,P,C,P
S,W,M,C,S,W,D,P,T,C
A,A,A,Q,Y,S,V,M,K,E
R,I,M,G,H,S,F,R,G,G
A,M,V,M,S,D,G,D,Q,C
S,T,F,W,M,A,L,M,H,N
V,R,M,E,N,Y,I,P,S,A
T,N,E,V,M,F,I,Q,D,N
L,T,P,P,Y,G,Y,Q,F,D
H,A,R,T,Y,W,I,Q,Q,W
I,N,V,M,M,Q,Q,S,K,I
N,V,W,W,C,G,V,P,L,T
R,F,T,R,G,F,G,W,I,D
N,C,K,C,V,H,N,C,Q,S
V,Y,D,C,H,W,H,V,N,M
A,W,S,G,V,V,L,V,K,N
A,C,I,F,I,T,L,E,A,V
A,P,E,C,Q,W,P,C,P,Y
G,D,T,P,C,S,A,C,H,I
H,F,P,V,S,W,F,I,Q,L
A,F,H,W,F,A,V,F,H,T
P,E,M,N,W,N,A,G,V,A
R,T,V,T,C,P,H,A,P,N
T,P,R,W,T,S,I,P,L,A
L,F,M,C,L,W,I,G,G,L
Q,W,V,Q,V,F,I,A,Q,E
I,P,E,H,T,P,R,Y,I,S
R,Y,A,G,A,M,K,G,Y,H
S,E,S,D,S,I,V,F,L,A
S,L,M,Q,Q,N,D,Y,Q,D
I,L,V,V,I,G,A,E,E,L
N,E,D,D,N,L,G,M,D,A
A,G,K,W,I,F,A,G,Q,G
S,V,E,D,A,P,M,D,M,V
G,F,P,W,Q,K,S,P,G,F
R,P,M,I,V,D,M,C,M,T
M,M,V,M,Y,F,A,T,T,L
S,E,V,Q,C,E,G,E,S,Q
T,V,S,L,Y,G,W,M,E,T
M,A,T,G,Q,L,W,E,K,G
S,T,I,E,S,M,V,V,K,C
H,E,F,G,T,G,F,E,H,A
L,R,H,F,P,M,M,T,T,V
R,D,A,T,S,P,V,P,F,I
T,T,T,Q,P,S,I,Q,T,L
Y,N,M,G,C,W,W,G,S,G
L,W,P,F,G,Y,W,P,M,I
N,E,I,M,Y,N,R,M,C,M
S,M,V,V,M,Q,V,E,C,D
N,R,H,W,V,T,T,E,M,L
S,W,R,C,Y,W,F,R,G,E
V,E,T,M,M,H,V,M,T,E
E,F,H,T,M,G,Q,Q,P,Y
L,P,N,M,A,C,I,H,V,I
A,D,D,G,T,A,C,Y,S,T
Q,M,I,F,G,T,F,P,P,P
R,G,T,D,C,F,L,A,Q,P
E,D,R,R,T,I,C,C,N,P
N,R,E,G,S,F,A,T,C,T
V,R,I,D,D,L,C,C,H,V
R,I,H,M,T,N,Q,G,F,T
I,R,V,R,C,I,T,A,H,M
Y,Y,V,V,I,W,Q,G,H,K
R,F,H,Q,A,A,V,C,W,Q
H,N,G,C,C,N,N,W,H,G
R,S,I,M,M,M,K,Q,G,W
S,E,E,V,T,Q,T,R,C,S
N,G,M,G,T,A,A,D,P,H
P,D,E,V,G,T,A,D,R,P
R,M,W,M,T,H,H,T,Q,L
V,P,Q,D,C,M,G,K,H,P
A,D,H,T,E,M,I,Y,S,C
V,T,Q,E,G,N,V,F,D,L
R,G,F,S,R,S,T,V,I,C
H,R,K,M,R,Q,V,L,R,A
D,I,D,M,C,W,P,Y,D,I
Q,Q,D,K,A,T,A,M,Q,G
Q,M,D,G,L,P,M,N,Q,C
H,F,R,N,Q,S,I,C,D,Y
T,E,T,C,T,E,N,P,W,H
N,V,N,R,S,H,M,Y,K,I
R,D,V,F,Q,L,L,C,K,C
M,N,T,G,Y,L,V,R,E,Y
A,A,M,G,M,G,H,D,F,D
Q,Q,M,G,G,T,W,M,C,C
H,Q,K,G,Y,H,L,C,F,N
Q,R,E,Q,Y,V,A,Q,C,L
I,E,M,V,S,Q,I,N,R,K
A,W,D,L,Y,F,V,F,K,A
R,T,E,D,Q,P,A,K,K,Q
G,M,H,V,S,I,V,L,P,H
M,N,T,M,Q,A,S,Y,K,I
P,G,T,E,C,E,A,F,Y,V
R,D,C,F,Y,K,T,D,G,A
Y,R,K,W,T,S,G,D,A,V
R,T,H,S,M,Y,R,P,Y,G
I,I,N,M,P,Q,I,I,H,E
S,G,P,F,C,Y,L,D,R,N
R,N,Q,Q,C,F,I,Y,C,H
L,N,D,G,V,E,I,Q,H,L
G,R,I,D,T,Q,I,F,R,S
E,Y,K,M,V,I,L,Y,H,K
Q,C,H,W,Y,Y,I,G,W,Y
R,C,K,D,S,M,V,F,I,E
R,M,E,P,A,Y,I,G,L,H
H,P,H,Q,S,V,Q,V,H,S
S,F,V,K,A,N,I,Y,D,E
G,N,S,T,H,W,P,Q,D,D
H,P,M,S,V,Y,I,G,S,L
M,G,M,D,Q,L,A,Y,Q,E
A,T,H,G,M,A,Q,E,E,L
S,P,D,L,Y,N,A,T,H,Q
A,M,H,S,C,Y,W,F,C,N
M,G,I,M,V,E,Q,Q,K,S
H,M,T,P,I,F,W,R,K,A
R,T,I,M,A,F,Q,Q,Q,T
C,M,R,M,Y,H,V,V,H,Y
S,R,K,R,V,W,D,P,Q,I
R,E,M,W,E,G,G,K,E,Y
T,F,Y,D,A,F,I,P,M,H
H,T,H,V,V,A,A,K,Q,Q
R,A,M,W,S,P,S,I,I,I
H,M,H,G,H,F,G,D,R,N
Q,D,N,G,T,W,L,P,S,Q
G,N,M,D,V,Y,H,A,N,A
R,F,H,D,P,W,G,N,H,E
P,F,E,M,V,E,G,I,G,T
Y,D,F,S,A,W,H,L,I,E
H,C,M,R,S,Y,I,G,H,A
S,F,K,S,W,F,G,G,T,A
T,F,P,E,V,F,V,G,K,I
S,S,F,G,M,W,A,G,I,V
S,F,D,F,I,H,G,G,L,I
H,P,S,G,C,S,Q,L,Y,H
S,S,W,G,Q,F,I,I,E,C
Y,Q,W,E,S,P,A,L,S,L
R,I,I,G,C,S,A,C,G,T
Q,W,K,S,H,P,L,F,N,P
G,N,F,S,P,G,A,Y,G,E
Q,M,H,F,R,Q,I,V,E,N
T,F,V,S,Y,P,R,S,A,A
T,F,M,A,Y,L,L,W,A,D
Q,G,I,V,C,P,I,T,S,G
Q,T,I,D,Y,Q,A,M,M,G
S,E,D,I,C,M,G,P,Y,I
I,E,K,S,A,Q,V,P,T,S
R,E,D,F,P,S,C,K,H,F
N,E,S,W,C,Y,C,E,N,E
W,N,E,T,I,F,L,M,F,T
A,M,W,N,R,P,Q,E,A,P
A,M,H,Q,H,P,H,D,Q,H
R,C,H,D,C,W,W,Q,Q,H
S,G,V,D,L,W,W,D,A,C
R,F,D,S,A,K,L,P,H,M
I,W,N,H,C,W,T,T,G,S
G,T,T,V,W,R,L,E,C,I
Q,G,P,N,C,F,W,G,M,D
Q,M,K,Q,M,S,A,V,K,D
C,G,R,V,V,M,H,M,C,L
P,F,R,D,I,I,V,Y,T,L
